horodatage,valeur
2025-03-01 06:00:00,30.13
2025-03-01 06:30:00,31.3
2025-03-01 07:00:00,28.02
2025-03-01 07:30:00,28.98
2025-03-01 08:00:00,23.64
2025-03-01 08:30:00,18.0
2025-03-01 09:00:00,31.45
2025-03-01 09:30:00,25.63
2025-03-01 10:00:00,31.97
2025-03-01 10:30:00,34.68
2025-03-01 11:00:00,29.92
2025-03-01 11:30:00,31.3
2025-03-01 12:00:00,22.63
2025-03-01 12:30:00,34.01
2025-03-01 13:00:00,21.25
2025-03-01 13:30:00,27.52
2025-03-01 14:00:00,24.96
2025-03-01 14:30:00,30.13
2025-03-01 15:00:00,29.39
2025-03-01 15:30:00,22.27
2025-03-01 16:00:00,26.97
2025-03-01 16:30:00,23.03
2025-03-01 17:00:00,26.86
2025-03-01 17:30:00,31.66
2025-03-01 18:00:00,22.29
2025-03-01 18:30:00,38.35
2025-03-01 19:00:00,27.5
2025-03-01 19:30:00,33.37
2025-03-01 20:00:00,41.24
2025-03-01 20:30:00,21.73
2025-03-01 21:00:00,27.63
2025-03-01 21:30:00,28.49
2025-03-01 22:00:00,78.5
2025-03-01 22:30:00,65.2
2025-03-01 23:00:00,48.7
2025-03-01 23:30:00,38.1
2025-03-02 00:00:00,27.23
2025-03-02 00:30:00,31.77
2025-03-02 01:00:00,27.8
2025-03-02 01:30:00,27.88
2025-03-02 02:00:00,31.14
2025-03-02 02:30:00,32.9
2025-03-02 03:00:00,25.73
2025-03-02 03:30:00,25.79
2025-03-02 04:00:00,26.72
2025-03-02 04:30:00,29.27
2025-03-02 05:00:00,22.94
2025-03-02 05:30:00,28.65
2025-03-02 06:00:00,35.65
2025-03-02 06:30:00,23.3
2025-03-02 07:00:00,28.75
2025-03-02 07:30:00,38.82
2025-03-02 08:00:00,27.04
2025-03-02 08:30:00,25.46
2025-03-02 09:00:00,31.36
2025-03-02 09:30:00,29.98
2025-03-02 10:00:00,34.27
2025-03-02 10:30:00,22.05
2025-03-02 11:00:00,30.28
2025-03-02 11:30:00,30.53
2025-03-02 12:00:00,29.55
2025-03-02 12:30:00,26.43
2025-03-02 13:00:00,31.02
2025-03-02 13:30:00,36.02
2025-03-02 14:00:00,30.42
2025-03-02 14:30:00,30.82
2025-03-02 15:00:00,31.87
2025-03-02 15:30:00,28.87
2025-03-02 16:00:00,26.64
2025-03-02 16:30:00,31.57
2025-03-02 17:00:00,37.42
2025-03-02 17:30:00,33.26
2025-03-02 18:00:00,28.84
2025-03-02 18:30:00,35.92
2025-03-02 19:00:00,34.6
2025-03-02 19:30:00,36.08
2025-03-02 20:00:00,20.58
2025-03-02 20:30:00,31.11
2025-03-02 21:00:00,39.08
2025-03-02 21:30:00,38.71
2025-03-02 22:00:00,29.7
2025-03-02 22:30:00,27.05
2025-03-02 23:00:00,25.89
2025-03-02 23:30:00,29.74
2025-03-03 00:00:00,29.57
2025-03-03 00:30:00,32.16
2025-03-03 01:00:00,29.02
2025-03-03 01:30:00,26.7
2025-03-03 02:00:00,28.77
2025-03-03 02:30:00,28.95
2025-03-03 03:00:00,27.47
2025-03-03 03:30:00,22.81
2025-03-03 04:00:00,28.98
2025-03-03 04:30:00,27.16
2025-03-03 05:00:00,28.26
2025-03-03 05:30:00,24.85
2025-03-03 06:00:00,32.93
2025-03-03 06:30:00,31.86
2025-03-03 07:00:00,18.0
2025-03-03 07:30:00,34.82
2025-03-03 08:00:00,30.48
2025-03-03 08:30:00,32.14
2025-03-03 09:00:00,32.99
2025-03-03 09:30:00,33.65
2025-03-03 10:00:00,24.04
2025-03-03 10:30:00,37.57
2025-03-03 11:00:00,26.51
2025-03-03 11:30:00,28.37
2025-03-03 12:00:00,33.92
2025-03-03 12:30:00,21.56
2025-03-03 13:00:00,37.08
2025-03-03 13:30:00,26.85
2025-03-03 14:00:00,27.42
2025-03-03 14:30:00,42.23
2025-03-03 15:00:00,22.09
2025-03-03 15:30:00,20.97
2025-03-03 16:00:00,31.89
2025-03-03 16:30:00,24.88
2025-03-03 17:00:00,25.21
2025-03-03 17:30:00,28.99
2025-03-03 18:00:00,31.52
2025-03-03 18:30:00,28.81
2025-03-03 19:00:00,32.8
2025-03-03 19:30:00,23.11
2025-03-03 20:00:00,36.85
2025-03-03 20:30:00,20.94
2025-03-03 21:00:00,30.66
2025-03-03 21:30:00,38.8
2025-03-03 22:00:00,27.35
2025-03-03 22:30:00,34.89
2025-03-03 23:00:00,24.69
2025-03-03 23:30:00,23.16
2025-03-04 00:00:00,20.79
2025-03-04 00:30:00,27.41
2025-03-04 01:00:00,38.14
2025-03-04 01:30:00,31.61
2025-03-04 02:00:00,33.49
2025-03-04 02:30:00,44.0
2025-03-04 03:00:00,31.14
2025-03-04 03:30:00,28.6
2025-03-04 04:00:00,31.16
2025-03-04 04:30:00,34.91
2025-03-04 05:00:00,30.12
2025-03-04 05:30:00,31.63
2025-03-04 06:00:00,28.61
2025-03-04 06:30:00,29.56
2025-03-04 07:00:00,37.36
2025-03-04 07:30:00,27.64
2025-03-04 08:00:00,31.55
2025-03-04 08:30:00,29.2
2025-03-04 09:00:00,31.0
2025-03-04 09:30:00,25.54
2025-03-04 10:00:00,30.98
2025-03-04 10:30:00,29.87
2025-03-04 11:00:00,34.63
2025-03-04 11:30:00,28.54
2025-03-04 12:00:00,35.19
2025-03-04 12:30:00,37.11
2025-03-04 13:00:00,31.97
2025-03-04 13:30:00,30.7
2025-03-04 14:00:00,31.33
2025-03-04 14:30:00,34.27
2025-03-04 15:00:00,29.49
2025-03-04 15:30:00,36.07
2025-03-04 16:00:00,35.48
2025-03-04 16:30:00,30.66
2025-03-04 17:00:00,27.99
2025-03-04 17:30:00,36.54
2025-03-04 18:00:00,25.34
2025-03-04 18:30:00,27.09
2025-03-04 19:00:00,24.31
2025-03-04 19:30:00,27.38
2025-03-04 20:00:00,35.62
2025-03-04 20:30:00,32.67
2025-03-04 21:00:00,31.0
2025-03-04 21:30:00,32.4
2025-03-04 22:00:00,36.51
2025-03-04 22:30:00,27.89
2025-03-04 23:00:00,32.38
2025-03-04 23:30:00,32.57
2025-03-05 00:00:00,29.09
2025-03-05 00:30:00,26.02
2025-03-05 01:00:00,22.84
2025-03-05 01:30:00,23.14
2025-03-05 02:00:00,27.49
2025-03-05 02:30:00,33.47
2025-03-05 03:00:00,32.23
2025-03-05 03:30:00,38.39
2025-03-05 04:00:00,28.41
2025-03-05 04:30:00,34.4
2025-03-05 05:00:00,25.31
2025-03-05 05:30:00,34.49
2025-03-05 06:00:00,30.44
2025-03-05 06:30:00,35.93
2025-03-05 07:00:00,30.29
2025-03-05 07:30:00,18.0
2025-03-05 08:00:00,34.38
2025-03-05 08:30:00,33.96
2025-03-05 09:00:00,21.62
2025-03-05 09:30:00,25.09
2025-03-05 10:00:00,33.22
2025-03-05 10:30:00,32.74
2025-03-05 11:00:00,38.59
2025-03-05 11:30:00,36.47
2025-03-05 12:00:00,30.01
2025-03-05 12:30:00,22.01
2025-03-05 13:00:00,28.98
2025-03-05 13:30:00,29.51
2025-03-05 14:00:00,30.25
2025-03-05 14:30:00,37.63
2025-03-05 15:00:00,25.36
2025-03-05 15:30:00,34.62
2025-03-05 16:00:00,40.55
2025-03-05 16:30:00,26.78
2025-03-05 17:00:00,27.05
2025-03-05 17:30:00,34.32
2025-03-05 18:00:00,35.88
2025-03-05 18:30:00,28.76
2025-03-05 19:00:00,30.67
2025-03-05 19:30:00,23.58
2025-03-05 20:00:00,33.8
2025-03-05 20:30:00,27.02
2025-03-05 21:00:00,30.3
2025-03-05 21:30:00,28.65
2025-03-05 22:00:00,34.28
2025-03-05 22:30:00,27.59
2025-03-05 23:00:00,25.37
2025-03-05 23:30:00,29.77
2025-03-06 00:00:00,35.47
2025-03-06 00:30:00,29.11
2025-03-06 01:00:00,39.1
2025-03-06 01:30:00,33.31
2025-03-06 02:00:00,28.56
2025-03-06 02:30:00,29.69
2025-03-06 03:00:00,32.45
2025-03-06 03:30:00,36.13
2025-03-06 04:00:00,40.87
2025-03-06 04:30:00,35.89
2025-03-06 05:00:00,34.5
2025-03-06 05:30:00,33.97
2025-03-06 06:00:00,35.94
2025-03-06 06:30:00,23.53
2025-03-06 07:00:00,34.94
2025-03-06 07:30:00,29.78
2025-03-06 08:00:00,35.91
2025-03-06 08:30:00,37.71
2025-03-06 09:00:00,32.04
2025-03-06 09:30:00,23.89
2025-03-06 10:00:00,25.88
2025-03-06 10:30:00,23.78
2025-03-06 11:00:00,36.37
2025-03-06 11:30:00,30.14
2025-03-06 12:00:00,20.79
2025-03-06 12:30:00,27.33
2025-03-06 13:00:00,22.01
2025-03-06 13:30:00,31.04
2025-03-06 14:00:00,37.51
2025-03-06 14:30:00,44.0
2025-03-06 15:00:00,33.48
2025-03-06 15:30:00,26.37
2025-03-06 16:00:00,24.8
2025-03-06 16:30:00,23.97
2025-03-06 17:00:00,35.1
2025-03-06 17:30:00,30.88
2025-03-06 18:00:00,28.44
2025-03-06 18:30:00,28.0
2025-03-06 19:00:00,25.37
2025-03-06 19:30:00,23.68
2025-03-06 20:00:00,28.94
2025-03-06 20:30:00,31.61
2025-03-06 21:00:00,25.19
2025-03-06 21:30:00,27.12
2025-03-06 22:00:00,34.64
2025-03-06 22:30:00,27.11
2025-03-06 23:00:00,32.33
2025-03-06 23:30:00,18.33
2025-03-07 00:00:00,20.92
2025-03-07 00:30:00,27.55
2025-03-07 01:00:00,35.41
2025-03-07 01:30:00,28.62
2025-03-07 02:00:00,35.7
2025-03-07 02:30:00,33.39
2025-03-07 03:00:00,35.52
2025-03-07 03:30:00,41.79
2025-03-07 04:00:00,34.2
2025-03-07 04:30:00,28.32
2025-03-07 05:00:00,30.92
2025-03-07 05:30:00,32.03
2025-03-07 06:00:00,82.3
2025-03-07 06:30:00,71.8
2025-03-07 07:00:00,55.4
2025-03-07 07:30:00,42.1
2025-03-07 08:00:00,35.6
2025-03-07 08:30:00,33.51
2025-03-07 09:00:00,27.22
2025-03-07 09:30:00,30.45
2025-03-07 10:00:00,29.45
2025-03-07 10:30:00,33.8
2025-03-07 11:00:00,31.71
2025-03-07 11:30:00,29.79
2025-03-07 12:00:00,35.22
2025-03-07 12:30:00,33.76
2025-03-07 13:00:00,25.87
2025-03-07 13:30:00,29.03
2025-03-07 14:00:00,31.72
2025-03-07 14:30:00,40.3
2025-03-07 15:00:00,36.35
2025-03-07 15:30:00,27.95
2025-03-07 16:00:00,25.28
2025-03-07 16:30:00,36.87
2025-03-07 17:00:00,30.56
2025-03-07 17:30:00,24.62
2025-03-07 18:00:00,26.37
2025-03-07 18:30:00,34.68
2025-03-07 19:00:00,34.17
2025-03-07 19:30:00,29.35
2025-03-07 20:00:00,25.35
2025-03-07 20:30:00,26.63
2025-03-07 21:00:00,27.95
2025-03-07 21:30:00,23.25
2025-03-07 22:00:00,28.88
2025-03-07 22:30:00,25.62
2025-03-07 23:00:00,29.12
2025-03-07 23:30:00,24.06
2025-03-08 00:00:00,32.8
2025-03-08 00:30:00,28.32
2025-03-08 01:00:00,34.25
2025-03-08 01:30:00,31.94
2025-03-08 02:00:00,29.85
2025-03-08 02:30:00,24.97
2025-03-08 03:00:00,31.56
2025-03-08 03:30:00,24.02
2025-03-08 04:00:00,24.96
2025-03-08 04:30:00,28.77
2025-03-08 05:00:00,21.58
2025-03-08 05:30:00,43.08
